ab1adce786f22e285b69f5c1aaea4443aacf23a1,DELETE,regular-file,pool/cfd.frcoal.theme_65_iphoneos-arm.deb,71396166,
d5af7fa1ab013566e184630ba49d2f732a6fbf30,DELETE,regular-file,pool/cfd.frcoal.theme_65_iphoneos-arm64.deb,71396334,
925869375566088a4f5072dcc655561dc6817298,DELETE,regular-file,pool/cfd.frcoal.theme_66_iphoneos-arm.deb,72309776,
07d5a6a1cde86a89c73fe0541677e917809552c1,DELETE,regular-file,pool/cfd.frcoal.theme_66_iphoneos-arm64.deb,72310172,
5d1c6cd1446b42b4be2b7999183752ed565fd910,DELETE,regular-file,pool/cfd.frcoal.theme_67_iphoneos-arm.deb,72309930,
e95df6207a26fc90949a290a5458c7229f79bb91,DELETE,regular-file,pool/cfd.frcoal.theme_67_iphoneos-arm64.deb,72310182,
13cbcc032858fe193ebc70e1c1e0bcdafed92f0b,DELETE,regular-file,pool/cfd.frcoal.theme_68_iphoneos-arm.deb,72510878,
9362ec4a095c228976d5d32cb1c111480bf9014a,DELETE,regular-file,pool/cfd.frcoal.theme_68_iphoneos-arm64.deb,72511090,
6ef2630052b9408a4c3ea6eb21d64b6a9fa2987b,DELETE,regular-file,pool/cfd.frcoal.theme_69_iphoneos-arm.deb,72510372,
15fc679ee92e96831eea337351525ade9ab925d9,DELETE,regular-file,pool/cfd.frcoal.theme_69_iphoneos-arm64.deb,72510794,
721109e95422a1bf0f6bd0d84f075f61f29a2e41,DELETE,regular-file,pool/cfd.frcoal.theme_70_iphoneos-arm.deb,72510756,
fd9d38cd738b5673d1722dee51ad29c9d8513a3b,DELETE,regular-file,pool/cfd.frcoal.theme_70_iphoneos-arm64.deb,72510422,
